{"rmse": {"validation": 5.2996543164988505, "train": 5.0721091265258975}}