{"rmse": {"validation": 5.512334086631948, "train": 4.878539748803822}}