{"rmse": {"validation": 3.7602137403010394, "train": 4.505789019165323}, "mae": {"validation": 2.459421378246041, "train": 2.5706346813035177}}