{"rmse": 5.16747809099961, "mae": 3.79904877787307} 