{"rmse": {"validation": 5.627823070608171, "train": 5.3548558692099}}