{"rmse": {"validation": 3.7602137403010394, "train": 4.505789019165323}}