{"rmse": {"validation": 4.263588207321198, "train": 5.120669014425558}}