{"rmse": {"validation": 3.41623354678401, "train": 0.618700439615117}}