{"rmse": {"validation": 3.41623354678401, "train": 0.618700439615117}, "mae": {"validation": 2.2174071653820424, "train": 0.44529604007378776}}