Epoch,RMSE_train,RMSE_validation
0,0.14359923010320946,6.25538047593738
1,0.23074492025911714,3.7962030518761747
2,0.38836717727132747,4.3045389894972335
3,0.5242219884762831,2.3078417324551324
4,0.6826487790592753,2.314229961790138
5,0.691804212177968,2.5171614990031403
6,0.7604634033003459,2.065206245226704
7,0.7753770216634541,3.340385518339161
8,0.9509090598009928,3.231777837157808
9,1.0388686040391961,4.029610156557227
