{"rmse": 4.341248793233712, "mae": 3.2514793436122393}