{"rmse": {"validation": 5.221329175319452, "train": 4.270810103517904}}