{"rmse": {"validation": 5.213995469191074, "train": 4.106141303021468}, "mae": {"validation": 3.442464188183105, "train": 2.7977657656595163}}