{"rmse": {"validation": 5.221329175319452, "train": 4.270810103517904}, "mae": {"validation": 3.4384784811089246, "train": 2.8775387577783778}}
