Epoch,RMSE_train,RMSE_validation
0,2.854230203588879,5.535172217728854
1,3.7426041370636125,5.12307680796776
2,4.082475366743228,5.217700095598956
3,4.281514328015359,5.3735095318114565
4,4.464501941198719,5.122278114676102
5,4.51949714181251,5.501117701529166
6,4.639197282114451,5.086382894266428
7,4.685290370924547,5.002853069533246
8,4.6955045157716775,5.247226489953983
9,4.743285747946051,5.003974830128571
