{"rmse": 5.449182594596554, "mae": 4.085876401788783}