{"rmse": 5.486671527864843, "mae": 4.146729861049719}
