{"rmse": {"validation": 5.264019994271215, "train": 4.812359912455944}}