{"rmse": {"validation": 5.52645455526095, "train": 4.888627941047928}, "mae": {"validation": 3.7283257065951645, "train": 3.3376580474928623}}