{"rmse": {"validation": 5.512334086631948, "train": 4.878539748803822}, "mae": {"validation": 3.684835029145171, "train": 3.2872494814432303}}