{"rmse": 5.957731859936419, "mae": 4.807043042452829}