{"rmse": 6.316837699431294, "mae": 5.080675653945112}