{"rmse": {"validation": 4.061586271198404, "train": 4.882059389863754}}