{"rmse": {"validation": 3.9612383410166645, "train": 3.267171681979213}}